kreis_schluessel;kreis;pflegebeduerftige;nur_pflegegeld;ambulant;vollstationaer;pg1_ohne_leistungen;plaetze_gesamt;plaetze_dauerpflege;einwohner_ab_80;dauerpflegeplaetze_je_100_ab_80
01001;Flensburg, kreisfreie Stadt;5298;2471;1125;987;714;1092;1043;6348;16,43
01002;Kiel, kreisfreie Stadt;12827;5566;3668;1942;1647;2297;2074;16303;12,72
01003;Lübeck, kreisfreie Stadt, Hansestadt;12926;5735;2307;3055;1828;3410;3223;17974;17,93
01004;Neumünster, kreisfreie Stadt;5502;2563;1177;995;763;1197;1055;6175;17,09
01051;Dithmarschen, Kreis;9606;4522;2023;1723;1331;2118;1891;10777;17,55
01053;Herzogtum Lauenburg, Kreis;12355;6093;2537;2208;1504;2640;2324;16328;14,23
01054;Nordfriesland, Kreis;10092;4789;2373;1699;1228;1992;1825;13439;13,58
01055;Ostholstein, Kreis;13105;6145;2119;3050;1787;3703;3488;18805;18,55
01056;Pinneberg, Kreis;17129;8346;3278;3270;2234;3837;3608;25146;14,35
01057;Plön, Kreis;6994;3504;1151;1294;1033;1687;1489;12083;12,32
01058;Rendsburg-Eckernförde, Kreis;15502;7315;3215;2983;1986;3658;3354;21796;15,39
01059;Schleswig-Flensburg, Kreis;13845;6115;3398;2681;1634;3219;2883;16142;17,86
01060;Segeberg, Kreis;15981;7295;3299;3225;2160;4212;3856;20883;18,46
01061;Steinburg, Kreis;9312;4716;1623;1714;1250;1996;1828;10278;17,79
01062;Stormarn, Kreis;14849;5973;4035;3131;1702;3744;3453;20794;16,61
02000;Hamburg;96606;46083;25947;14416;10130;17785;16612;114525;14,51
03101;Braunschweig, kreisfreie Stadt;17043;8718;3469;2934;1922;3405;3215;19098;16,83
03102;Salzgitter, kreisfreie Stadt;9459;5840;1088;1344;1185;1607;1454;7814;18,61
03103;Wolfsburg, kreisfreie Stadt;9535;6042;1225;1147;1121;1412;1291;10345;12,48
03151;Gifhorn, Landkreis;13322;8280;1912;1709;1419;2212;1912;11480;16,66
03153;Goslar, Landkreis;13540;6884;2611;2651;1391;3279;3061;12072;25,36
03154;Helmstedt, Landkreis;7137;3567;1210;1417;939;1682;1546;6951;22,24
03155;Northeim, Landkreis;13178;6609;3042;2108;1414;2655;2335;10878;21,47
03157;Peine, Landkreis;10783;6399;1416;1698;1268;2147;1968;9787;20,11
03158;Wolfenbüttel, Landkreis;8825;5012;1254;1461;1098;1690;1577;9668;16,31
03159;Göttingen, Landkreis;25377;13693;4536;4543;2590;5727;5131;25730;19,94
03241;Region Hannover, Landkreis;85769;47022;16228;13583;8909;16997;15272;85620;17,84
03251;Diepholz, Landkreis;16642;9054;3388;2239;1957;3173;2638;16372;16,11
03252;Hameln-Pyrmont, Landkreis;13234;6873;2553;2372;1431;3064;2807;13389;20,96
03254;Hildesheim, Landkreis;23532;12622;4652;3612;2644;4900;4286;21453;19,98
03255;Holzminden, Landkreis;6745;3260;1603;1132;750;1397;1300;5855;22,20
03256;Nienburg (Weser), Landkreis;10673;5707;2034;1717;1213;2222;1969;8819;22,33
03257;Schaumburg, Landkreis;15637;8245;3160;2749;1463;3835;3430;13767;24,91
03351;Celle, Landkreis;15172;8648;2314;2590;1617;3100;2898;13280;21,82
03352;Cuxhaven, Landkreis;15817;8568;2865;2557;1822;3309;2945;16018;18,39
03353;Harburg, Landkreis;14173;7676;2913;2061;1523;2603;2297;20351;11,29
03354;Lüchow-Dannenberg, Landkreis;4864;2095;1342;898;529;1147;999;4336;23,04
03355;Lüneburg, Landkreis;10656;5278;2373;1847;1155;2274;2133;11845;18,01
03356;Osterholz, Landkreis;8044;4530;1438;1259;815;1595;1418;8778;16,15
03357;Rotenburg (Wümme), Landkreis;11708;6870;1838;1794;1202;2307;1979;11123;17,79
03358;Heidekreis;11590;6529;2004;1815;1241;2230;2003;10852;18,46
03359;Stade, Landkreis;13678;7941;2130;2147;1458;2668;2404;14478;16,60
03360;Uelzen, Landkreis;7626;3517;1681;1592;836;2015;1866;7978;23,39
03361;Verden, Landkreis;9606;5801;865;1882;1056;2251;2117;9991;21,19
03401;Delmenhorst, kreisfreie Stadt;6616;4205;912;702;797;838;809;5903;13,70
03402;Emden, kreisfreie Stadt;4011;2293;635;519;564;615;536;3285;16,32
03403;Oldenburg (Oldb), kreisfreie Stadt;10606;5935;1922;1464;1285;1945;1748;11070;15,79
03404;Osnabrück, kreisfreie Stadt;10941;5250;3135;1394;1159;1710;1424;10719;13,28
03405;Wilhelmshaven, kreisfreie Stadt;6992;3933;966;1178;914;1478;1360;6805;19,99
03451;Ammerland, Landkreis;9749;5885;1663;1153;1044;1621;1343;9790;13,72
03452;Aurich, Landkreis;18015;11141;3180;1589;2103;2329;1754;12897;13,60
03453;Cloppenburg, Landkreis;13042;7944;2076;1763;1253;2208;1931;8804;21,93
03454;Emsland, Landkreis;25748;14813;5246;2572;3108;3597;2765;19365;14,28
03455;Friesland, Landkreis;9504;5164;2186;1112;1041;1788;1194;8800;13,57
03456;Grafschaft Bentheim, Landkreis;11741;6032;3034;1367;1303;1800;1449;9451;15,33
03457;Leer, Landkreis;15473;9359;2636;1625;1849;2198;1800;10873;16,55
03458;Oldenburg, Landkreis;9481;5365;1536;1606;974;2046;1831;9393;19,49
03459;Osnabrück, Landkreis;25891;14335;5170;3676;2696;4949;3979;25410;15,66
03460;Vechta, Landkreis;8669;5088;1445;1322;814;1729;1414;7514;18,82
03461;Wesermarsch, Landkreis;7055;3663;1326;1270;793;1500;1357;6794;19,97
03462;Wittmund, Landkreis;6172;3229;1808;508;627;796;594;4168;14,25
04011;Bremen, kreisfreie Stadt;37748;21587;6969;4941;4250;6366;5519;39858;13,85
04012;Bremerhaven, kreisfreie Stadt;9880;5518;2351;845;1166;1243;1028;7770;13,23
05111;Düsseldorf, kreisfreie Stadt;40248;22882;8470;4559;4332;5301;4666;39597;11,78
05112;Duisburg, kreisfreie Stadt;44910;27900;6470;5079;5459;5760;5205;32953;15,80
05113;Essen, kreisfreie Stadt;41063;21494;6631;6606;6328;7170;6781;41149;16,48
05114;Krefeld, kreisfreie Stadt;23169;15937;3376;2250;1605;2603;2369;16984;13,95
05116;Mönchengladbach, kreisfreie Stadt;27163;18705;3838;2546;2074;2865;2580;17645;14,62
05117;Mülheim an der Ruhr, kreisfreie Stadt;13296;7172;2573;1819;1728;2029;1878;14077;13,34
05119;Oberhausen, kreisfreie Stadt;17645;9955;2999;1997;2694;2403;2106;14695;14,33
05120;Remscheid, kreisfreie Stadt;10012;5965;1835;1139;1073;1313;1168;8508;13,73
05122;Solingen, kreisfreie Stadt;13477;8133;1991;1864;1488;2076;1878;12468;15,06
05124;Wuppertal, kreisfreie Stadt;25081;14805;3936;3611;2728;4045;3765;25119;14,99
05154;Kleve, Kreis;26821;16261;4627;3311;2619;3831;3429;20271;16,92
05158;Mettmann, Kreis;37107;22299;6062;4480;4265;5112;4726;41946;11,27
05162;Rhein-Kreis Neuss;33302;21840;3727;3814;3920;4484;4079;33427;12,20
05166;Viersen, Kreis;29823;22116;3055;2506;2146;2934;2581;21717;11,88
05170;Wesel, Kreis;44837;26740;7602;4964;5526;5921;5026;34500;14,57
05314;Bonn, kreisfreie Stadt;19909;11659;3672;2863;1712;3337;3032;20368;14,89
05315;Köln, kreisfreie Stadt;73822;49823;9406;7510;7077;8230;7694;59798;12,87
05316;Leverkusen, kreisfreie Stadt;15536;10882;2222;1231;1201;1443;1333;12897;10,34
05334;Städteregion Aachen, Kreis;50506;34836;6419;5559;3692;6456;5828;38494;15,14
05358;Düren, Kreis;26844;18428;3419;3089;1906;3729;3172;18279;17,35
05362;Rhein-Erft-Kreis;37814;24598;5662;3584;3967;4034;3718;32740;11,36
05366;Euskirchen, Kreis;18779;12241;2857;2109;1572;2436;2222;13429;16,55
05370;Heinsberg, Kreis;28173;19418;4226;2650;1877;3249;2721;17247;15,78
05374;Oberbergischer Kreis;24457;14709;4481;3119;2147;3595;3303;19270;17,14
05378;Rheinisch-Bergischer Kreis;23730;15499;3922;2444;1864;3028;2686;23340;11,51
05382;Rhein-Sieg-Kreis;45249;29939;6282;5148;3878;5906;5441;43691;12,45
05512;Bottrop, kreisfreie Stadt;9563;5233;1429;1345;1556;1465;1365;8588;15,89
05513;Gelsenkirchen, kreisfreie Stadt;20215;10873;3754;2589;2998;2935;2724;16523;16,49
05515;Münster, kreisfreie Stadt;13694;6440;2856;2553;1829;3021;2684;18999;14,13
05554;Borken, Kreis;25254;12301;6598;3080;3265;3974;3230;22774;14,18
05558;Coesfeld, Kreis;14284;6930;3154;2410;1781;2894;2509;15372;16,32
05562;Recklinghausen, Kreis;53048;28223;10884;6706;7226;7783;7042;44760;15,73
05566;Steinfurt, Kreis;30541;15660;7212;3772;3883;5021;4187;29054;14,41
05570;Warendorf, Kreis;18345;9466;3986;2612;2271;3207;2724;19637;13,87
05711;Bielefeld, kreisfreie Stadt;22590;11734;4989;2656;3207;3282;2846;23107;12,32
05754;Gütersloh, Kreis;21952;12453;4323;2354;2814;3434;2669;24449;10,92
05758;Herford, Kreis;17032;8583;3732;2517;2199;2913;2689;19402;13,86
05762;Höxter, Kreis;11772;5782;3150;1479;1355;1813;1578;10621;14,86
05766;Lippe, Kreis;22590;11518;4279;3557;3229;4308;3924;27052;14,51
05770;Minden-Lübbecke, Kreis;21351;11240;4086;3267;2754;4310;3808;24033;15,84
05774;Paderborn, Kreis;18939;9708;4448;2533;2241;3159;2641;18891;13,98
05911;Bochum, kreisfreie Stadt;25591;14132;4051;3508;3898;4118;3637;25840;14,08
05913;Dortmund, kreisfreie Stadt;42960;22317;8942;5528;6168;6376;5846;39506;14,80
05914;Hagen, kreisfreie Stadt;15260;8791;2293;2056;2117;2393;2166;13540;16,00
05915;Hamm, kreisfreie Stadt;13152;6625;2860;1789;1876;1983;1867;12088;15,45
05916;Herne, kreisfreie Stadt;13867;7697;2295;1964;1911;2404;2083;11001;18,93
05954;Ennepe-Ruhr-Kreis;25016;13632;4589;3481;3305;4192;3700;25112;14,73
05958;Hochsauerlandkreis;19367;9925;4207;2584;2645;3146;2744;19463;14,10
05962;Märkischer Kreis;32651;18669;4883;4273;4815;4884;4463;30737;14,52
05966;Olpe, Kreis;10175;5993;1584;1219;1375;1438;1220;8534;14,30
05970;Siegen-Wittgenstein, Kreis;21405;12012;4503;2183;2702;2672;2281;19181;11,89
05974;Soest, Kreis;21357;10472;5049;3155;2674;3845;3430;21418;16,01
05978;Unna, Kreis;32390;17378;6182;4192;4635;4740;4321;29298;14,75
06411;Darmstadt, kreisfreie Stadt, Wissenschaftsstadt;7587;4137;1475;1155;;1285;1176;9280;12,67
06412;Frankfurt am Main, kreisfreie Stadt;38910;22112;8574;4418;;5148;4941;36419;13,57
06413;Offenbach am Main, kreisfreie Stadt;6998;3923;1220;936;919;1019;965;6488;14,87
06414;Wiesbaden, kreisfreie Stadt, Landeshauptstadt;16251;8834;3506;2236;1675;2579;2500;19047;13,13
06431;Bergstraße, Landkreis;19288;11123;3564;2806;;3248;3028;19621;15,43
06432;Darmstadt-Dieburg, Landkreis;17336;10773;2796;1975;1787;2463;2133;19776;10,79
06433;Groß-Gerau, Landkreis;16707;10679;2153;1875;;2199;1980;16550;11,96
06434;Hochtaunuskreis;13995;8628;2122;2212;1033;2614;2507;20058;12,50
06435;Main-Kinzig-Kreis;27437;15585;4469;3765;;4537;4023;28639;14,05
06436;Main-Taunus-Kreis;13683;8179;2824;1489;1191;1707;1567;17586;8,91
06437;Odenwaldkreis;7942;4586;1389;1265;;1439;1334;7266;18,36
06438;Offenbach, Landkreis;19610;11668;3030;2605;2302;3045;2843;25066;11,34
06439;Rheingau-Taunus-Kreis;11553;6441;2071;1752;;1926;1822;14333;12,71
06440;Wetteraukreis;22125;13345;3107;3697;;4293;4036;21550;18,73
06531;Gießen, Landkreis;20662;13683;2998;2502;1472;3043;2620;16619;15,77
06532;Lahn-Dill-Kreis;23320;15953;3149;2836;;3507;3087;18023;17,13
06533;Limburg-Weilburg, Landkreis;12640;7449;2125;1776;;2232;1981;11804;16,78
06534;Marburg-Biedenkopf, Landkreis;21538;14777;3383;2170;;2704;2401;15465;15,53
06535;Vogelsbergkreis;9213;4785;1934;1334;1149;1561;1445;7866;18,37
06611;Kassel, kreisfreie Stadt, documenta-Stadt;14217;6889;3892;1671;1765;2073;1794;12843;13,97
06631;Fulda, Landkreis;15546;8363;2512;2650;2014;3194;2803;16329;17,17
06632;Hersfeld-Rotenburg, Landkreis;9475;5299;1347;1462;1357;1785;1617;9511;17,00
06633;Kassel, Landkreis;19591;10435;3829;2855;2458;3675;3104;19209;16,16
06634;Schwalm-Eder-Kreis;14017;7433;2716;2067;1797;2661;2368;13432;17,63
06635;Waldeck-Frankenberg, Landkreis;14128;7997;2500;2254;1373;2719;2312;11586;19,96
06636;Werra-Meißner-Kreis;9609;5161;1818;1559;1071;1715;1654;8141;20,32
07111;Koblenz, kreisfreie Stadt;8124;3532;2263;1471;855;1864;1719;8708;19,74
07131;Ahrweiler, Landkreis;9830;5444;2115;1116;1155;1366;1285;10749;11,95
07132;Altenkirchen (Westerwald), Landkreis;10743;5838;2418;1296;1190;1590;1457;9158;15,91
07133;Bad Kreuznach, Landkreis;10360;5801;1724;1294;1536;1749;1561;12131;12,87
07134;Birkenfeld, Landkreis;5984;3333;896;974;781;1163;1101;6307;17,46
07135;Cochem-Zell, Landkreis;5362;2609;1330;771;649;942;882;4876;18,09
07137;Mayen-Koblenz, Landkreis;15001;8498;2524;1949;2026;2537;2212;14956;14,79
07138;Neuwied, Landkreis;13881;8049;2313;1840;1676;2207;2061;13671;15,08
07140;Rhein-Hunsrück-Kreis;7123;3933;1277;1020;891;1284;1161;7386;15,72
07141;Rhein-Lahn-Kreis;8057;4513;1366;1073;1105;1433;1307;9047;14,45
07143;Westerwaldkreis;14250;7500;2985;2006;1753;2635;2422;13679;17,71
07211;Trier, kreisfreie Stadt;4782;2228;832;969;750;1212;1110;6485;17,12
07231;Bernkastel-Wittlich, Landkreis;7045;3396;1452;1140;1049;1358;1230;8110;15,17
07232;Eifelkreis Bitburg-Prüm;6003;2800;1488;839;871;1094;958;6203;15,44
07233;Vulkaneifel, Landkreis;4701;2336;977;676;711;799;731;4515;16,19
07235;Trier-Saarburg, Landkreis;7508;3728;1244;1500;1031;1678;1523;9768;15,59
07311;Frankenthal (Pfalz), kreisfreie Stadt;3355;1970;461;508;415;640;605;4020;15,05
07312;Kaiserslautern, kreisfreie Stadt;6134;3393;956;988;797;1160;1069;6834;15,64
07313;Landau in der Pfalz, kreisfreie Stadt;3127;1583;809;370;361;535;465;3075;15,12
07314;Ludwigshafen am Rhein, kreisfreie Stadt;11776;7371;1714;1334;1356;1602;1471;11083;13,27
07315;Mainz, kreisfreie Stadt;9114;4760;1504;1429;1416;1840;1740;13393;12,99
07316;Neustadt an der Weinstraße, kreisfreie Stadt;3732;2288;613;401;430;550;515;4560;11,29
07317;Pirmasens, kreisfreie Stadt;4234;2158;957;602;517;727;683;3362;20,32
07318;Speyer, kreisfreie Stadt;3653;1935;595;761;362;875;863;3771;22,89
07319;Worms, kreisfreie Stadt;5537;2710;1280;757;789;1065;971;5321;18,25
07320;Zweibrücken, kreisfreie Stadt;2870;1653;573;356;288;389;368;2642;13,93
07331;Alzey-Worms, Landkreis;7353;4146;1227;958;1020;1196;1098;7701;14,26
07332;Bad Dürkheim, Landkreis;8387;5185;799;1359;1044;1651;1561;10394;15,02
07333;Donnersbergkreis;5883;2948;1402;829;703;1033;970;4975;19,50
07334;Germersheim, Landkreis;8437;5867;641;922;1005;1056;941;8140;11,56
07335;Kaiserslautern, Landkreis;6960;4101;1142;918;798;1166;1094;7129;15,35
07336;Kusel, Landkreis;5571;3271;963;637;698;851;764;5127;14,90
07337;Südliche Weinstraße, Landkreis;7331;4769;1219;532;809;855;728;8210;8,87
07338;Rhein-Pfalz-Kreis;10351;6149;1964;1219;1015;1460;1349;11996;11,25
07339;Mainz-Bingen, Landkreis;10583;5767;1660;1592;1562;2165;2084;13569;15,36
07340;Südwestpfalz, Landkreis;8377;4840;1987;667;882;832;732;7560;9,68
08111;Stuttgart, Stadtkreis;26992;13350;4938;4564;4131;5102;4706;39852;11,81
08115;Böblingen, Landkreis;21078;11368;4019;2775;2911;3154;2874;27801;10,34
08116;Esslingen, Landkreis;27422;14517;5232;4045;3618;4622;4171;38915;10,72
08117;Göppingen, Landkreis;15560;8223;2724;2437;2168;2927;2605;19142;13,61
08118;Ludwigsburg, Landkreis;28077;15545;4551;4005;3968;4725;4302;37194;11,57
08119;Rems-Murr-Kreis, Landkreis;23155;12642;3672;3548;3278;4003;3691;32593;11,32
08121;Heilbronn, Stadtkreis;8181;4108;1609;1417;1043;1633;1512;8576;17,63
08125;Heilbronn, Landkreis;19291;10696;3519;2766;2295;3315;2981;22020;13,54
08126;Hohenlohekreis, Landkreis;7054;3717;1543;985;807;1183;1077;7127;15,11
08127;Schwäbisch Hall, Landkreis;11111;5719;2158;1789;1443;2038;1883;11876;15,86
08128;Main-Tauber-Kreis, Landkreis;9448;4672;2044;1560;1167;1956;1634;9905;16,50
08135;Heidenheim, Landkreis;7838;4218;1204;1215;1200;1442;1315;10208;12,88
08136;Ostalbkreis, Landkreis;16889;9695;2213;2802;2177;3345;3020;21744;13,89
08211;Baden-Baden, Stadtkreis;3593;1944;635;594;418;791;632;5423;11,65
08212;Karlsruhe, Stadtkreis;15199;8390;2285;2522;2000;2733;2522;20450;12,33
08215;Karlsruhe, Landkreis;27562;16091;4250;3983;3230;4923;4283;32137;13,33
08216;Rastatt, Landkreis;14291;8751;2024;1765;1748;2254;2001;16681;12,00
08221;Heidelberg, Stadtkreis;6812;4093;788;1225;706;1350;1262;8235;15,32
08222;Mannheim, Stadtkreis;20939;12918;2803;2780;2436;3134;2956;19208;15,39
08225;Neckar-Odenwald-Kreis, Landkreis;11147;5655;2330;1743;1407;2261;1932;10195;18,95
08226;Rhein-Neckar-Kreis, Landkreis;37540;23286;6071;4326;3854;5073;4728;40046;11,81
08231;Pforzheim, Stadtkreis;8724;5066;1101;1376;1177;1679;1499;9143;16,40
08235;Calw, Landkreis;10445;5396;1886;1843;1312;2225;1973;11028;17,89
08236;Enzkreis, Landkreis;13317;6903;3016;1846;1543;2365;1987;14473;13,73
08237;Freudenstadt, Landkreis;7598;4213;1016;1322;1042;1521;1377;8411;16,37
08311;Freiburg im Breisgau, Stadtkreis;9640;5028;1423;1900;1288;2142;2005;13378;14,99
08315;Breisgau-Hochschwarzwald, Landkreis;13418;7662;1989;2109;1649;2593;2260;20109;11,24
08316;Emmendingen, Landkreis;9140;4748;1749;1399;1237;1644;1412;11524;12,25
08317;Ortenaukreis, Landkreis;24224;12130;4442;4357;3272;5551;4584;30649;14,96
08325;Rottweil, Landkreis;9001;5244;1267;1251;1231;1630;1366;10003;13,66
08326;Schwarzwald-Baar-Kreis, Landkreis;13617;7520;2282;2195;1616;2522;2278;16331;13,95
08327;Tuttlingen, Landkreis;7997;4860;948;1116;1070;1449;1269;9429;13,46
08335;Konstanz, Landkreis;16193;9409;2123;2736;1925;3184;2873;21330;13,47
08336;Lörrach, Landkreis;11974;6027;2366;1669;1907;1941;1754;16239;10,80
08337;Waldshut, Landkreis;9282;5855;1086;1394;947;1679;1493;11718;12,74
08415;Reutlingen, Landkreis;16341;9895;2223;2102;2115;2395;2179;20945;10,40
08416;Tübingen, Landkreis;11117;6774;1726;1334;1277;1717;1437;13435;10,70
08417;Zollernalbkreis, Landkreis;12280;7694;1591;1385;1605;1758;1541;14156;10,89
08421;Ulm, Stadtkreis;6893;3772;1152;1135;829;1408;1206;8423;14,32
08425;Alb-Donau-Kreis, Landkreis;10310;5975;1647;1509;1174;1820;1603;12820;12,50
08426;Biberach, Landkreis;10232;6118;1445;1423;1240;1813;1477;12550;11,77
08435;Bodenseekreis, Landkreis;11093;6403;1767;1509;1413;1733;1573;17882;8,80
08436;Ravensburg, Landkreis;14546;8127;2353;2211;1854;2570;2299;19172;11,99
08437;Sigmaringen, Landkreis;8270;4837;1526;941;966;1196;985;9006;10,94
09161;Ingolstadt, kreisfreie Stadt;5581;2631;1119;932;895;1145;1079;8289;13,02
09162;München, kreisfreie Stadt;48818;21737;12573;7235;7265;8233;7682;87937;8,74
09163;Rosenheim, kreisfreie Stadt;2393;1224;461;362;345;468;417;4360;9,56
09171;Altötting, Landkreis;5796;2539;1080;1299;870;1655;1414;8095;17,47
09172;Berchtesgadener Land, Landkreis;4786;2059;1002;1034;691;1274;1175;8685;13,53
09173;Bad Tölz-Wolfratshausen, Landkreis;5886;2813;1315;1011;744;1211;1067;9825;10,86
09174;Dachau, Landkreis;5689;2685;1057;1186;760;1457;1417;9373;15,12
09175;Ebersberg, Landkreis;4965;2239;854;1123;745;1250;1200;9787;12,26
09176;Eichstätt, Landkreis;5030;2568;1087;703;668;1034;897;7715;11,63
09177;Erding, Landkreis;4701;2439;575;955;731;1078;1011;7496;13,49
09178;Freising, Landkreis;5691;3024;817;1003;843;1184;1120;9297;12,05
09179;Fürstenfeldbruck, Landkreis;8295;3994;1341;1617;1335;1981;1818;17055;10,66
09180;Garmisch-Partenkirchen, Landkreis;4249;1922;1198;486;643;790;719;8112;8,86
09181;Landsberg am Lech, Landkreis;4605;2623;806;604;569;771;629;8016;7,85
09182;Miesbach, Landkreis;3741;1854;724;657;505;858;776;7828;9,91
09183;Mühldorf a.Inn, Landkreis;5611;2462;1010;1366;767;1681;1517;7615;19,92
09184;München, Landkreis;13242;5832;2682;2952;1765;3452;3219;27654;11,64
09185;Neuburg-Schrobenhausen, Landkreis;3948;1962;627;737;621;888;830;6002;13,83
09186;Pfaffenhofen a.d.Ilm, Landkreis;4807;2586;560;937;723;1060;1018;7396;13,76
09187;Rosenheim, Landkreis;11817;4958;2330;3134;1389;3640;3449;18439;18,70
09188;Starnberg, Landkreis;5540;2416;1334;1059;725;1434;1260;12136;10,38
09189;Traunstein, Landkreis;7684;3435;1458;1612;1171;2004;1777;13228;13,43
09190;Weilheim-Schongau, Landkreis;5938;2913;993;1087;939;1273;1144;10190;11,23
09261;Landshut, kreisfreie Stadt;3167;1316;445;1008;398;1176;1160;4737;24,49
09262;Passau, kreisfreie Stadt;4599;1465;2014;727;392;984;857;3908;21,93
09263;Straubing, kreisfreie Stadt;3263;1542;660;584;473;728;663;3221;20,58
09271;Deggendorf, Landkreis;7215;3907;1171;1114;1023;1386;1296;7422;17,46
09272;Freyung-Grafenau, Landkreis;6018;3335;1094;791;797;967;892;5030;17,73
09273;Kelheim, Landkreis;6101;3026;1413;903;755;1306;1129;7204;15,67
09274;Landshut, Landkreis;6678;3697;998;1062;914;1397;1218;9127;13,35
09275;Passau, Landkreis;13482;7536;2590;1686;1661;2284;1952;13379;14,59
09276;Regen, Landkreis;4840;2644;813;786;596;1019;898;5165;17,39
09277;Rottal-Inn, Landkreis;7308;3507;1769;1161;865;1587;1362;8182;16,65
09278;Straubing-Bogen, Landkreis;4962;3196;706;473;586;635;530;6122;8,66
09279;Dingolfing-Landau, Landkreis;5022;2525;1214;689;584;1106;863;5651;15,27
09361;Amberg, kreisfreie Stadt;2662;1117;548;656;338;831;767;3345;22,93
09362;Regensburg, kreisfreie Stadt;6622;2900;1354;1433;934;1794;1661;8554;19,42
09363;Weiden i.d.OPf., kreisfreie Stadt;2913;1038;824;644;404;755;681;3175;21,45
09371;Amberg-Sulzbach, Landkreis;5359;2558;924;1147;726;1409;1326;7114;18,64
09372;Cham, Landkreis;8065;4039;1865;1271;887;1789;1419;8329;17,04
09373;Neumarkt i.d.OPf., Landkreis;6489;3321;1068;1310;787;1552;1394;8269;16,86
09374;Neustadt a.d.Waldnaab, Landkreis;5296;2496;1053;949;793;1326;1130;6248;18,09
09375;Regensburg, Landkreis;8979;4770;1363;1691;1147;2183;1923;11537;16,67
09376;Schwandorf, Landkreis;8474;4084;1682;1574;1134;1825;1783;9430;18,91
09377;Tirschenreuth, Landkreis;4379;1807;986;935;650;1182;1084;5280;20,53
09461;Bamberg, kreisfreie Stadt;3636;1560;738;804;532;1032;871;5120;17,01
09462;Bayreuth, kreisfreie Stadt;3945;1647;618;1057;619;1408;1343;5409;24,83
09463;Coburg, kreisfreie Stadt;2775;1146;657;567;402;666;624;3144;19,85
09464;Hof, kreisfreie Stadt;3631;1628;738;762;500;905;786;3571;22,01
09471;Bamberg, Landkreis;7095;3714;1269;1143;956;1638;1264;8569;14,75
09472;Bayreuth, Landkreis;5710;2711;1075;1112;802;1511;1255;7325;17,13
09473;Coburg, Landkreis;5239;2560;873;954;851;1153;1037;6267;16,55
09474;Forchheim, Landkreis;6179;2973;1533;831;824;1205;908;7450;12,19
09475;Hof, Landkreis;6960;3417;1104;1400;1038;1641;1512;7772;19,45
09476;Kronach, Landkreis;5083;2546;1151;640;743;923;677;5098;13,28
09477;Kulmbach, Landkreis;4705;2010;1114;824;749;1125;920;5504;16,72
09478;Lichtenfels, Landkreis;4795;2061;1286;813;631;1106;945;4970;19,01
09479;Wunsiedel i.Fichtelgebirge, Landkreis;5523;2298;1556;954;714;1094;1017;6169;16,49
09561;Ansbach, kreisfreie Stadt;2357;1013;435;525;382;707;645;2804;23,00
09562;Erlangen, kreisfreie Stadt;5036;2104;1232;1051;646;1228;1185;7504;15,79
09563;Fürth, kreisfreie Stadt;6015;3183;759;1209;853;1508;1387;7763;17,87
09564;Nürnberg, kreisfreie Stadt;26283;12399;5138;5091;3650;6095;5738;35724;16,06
09565;Schwabach, kreisfreie Stadt;2124;952;478;425;269;506;456;3079;14,81
09571;Ansbach, Landkreis;10011;4821;2143;1655;1375;2107;1785;11793;15,14
09572;Erlangen-Höchstadt, Landkreis;5815;3194;797;985;839;1182;1046;8804;11,88
09573;Fürth, Landkreis;6320;3196;1137;1179;796;1456;1345;8944;15,04
09574;Nürnberger Land, Landkreis;8597;3895;1936;1562;1198;2062;1863;12554;14,84
09575;Neustadt a.d.Aisch-Bad Windsheim, Landkreis;5440;2868;834;986;739;1257;1056;6504;16,24
09576;Roth, Landkreis;6642;3195;1678;1036;729;1286;1120;8918;12,56
09577;Weißenburg-Gunzenhausen, Landkreis;5485;2520;1412;843;707;1094;960;6589;14,57
09661;Aschaffenburg, kreisfreie Stadt;4372;1975;1072;650;673;739;681;4935;13,80
09662;Schweinfurt, kreisfreie Stadt;3510;1621;372;900;617;1132;1092;4451;24,53
09663;Würzburg, kreisfreie Stadt;6764;2972;1273;1689;828;1995;1845;9802;18,82
09671;Aschaffenburg, Landkreis;10087;5567;1882;1159;1455;1642;1277;11973;10,67
09672;Bad Kissingen, Landkreis;7288;3266;1734;1176;1107;1565;1315;8643;15,21
09673;Rhön-Grabfeld, Landkreis;5149;2494;1216;767;668;1048;877;5624;15,59
09674;Haßberge, Landkreis;4740;2704;768;560;706;744;588;5383;10,92
09675;Kitzingen, Landkreis;4694;2534;767;815;570;1159;954;5811;16,42
09676;Miltenberg, Landkreis;7650;3976;1233;1156;1277;1597;1309;8795;14,88
09677;Main-Spessart, Landkreis;7608;4083;1311;1118;1089;1621;1408;9343;15,07
09678;Schweinfurt, Landkreis;5960;2973;817;1205;953;1566;1299;8031;16,17
09679;Würzburg, Landkreis;7513;4349;1324;877;947;1480;1064;10716;9,93
09761;Augsburg, kreisfreie Stadt;14208;6455;3145;2591;2009;3161;2879;19604;14,69
09762;Kaufbeuren, kreisfreie Stadt;2617;1157;591;475;392;573;523;3544;14,76
09763;Kempten (Allgäu), kreisfreie Stadt;3346;1612;728;479;526;661;591;4976;11,88
09764;Memmingen, kreisfreie Stadt;2366;1203;527;329;304;530;464;3275;14,17
09771;Aichach-Friedberg, Landkreis;5657;2997;1046;851;760;1045;952;8951;10,64
09772;Augsburg, Landkreis;12040;6479;2273;1784;1498;2171;1881;17534;10,73
09773;Dillingen a.d.Donau, Landkreis;5028;2660;708;901;758;1170;1102;6332;17,40
09774;Günzburg, Landkreis;6489;3409;1178;976;918;1255;1072;7955;13,48
09775;Neu-Ulm, Landkreis;8471;4229;1549;1372;1318;1718;1600;12122;13,20
09776;Lindau (Bodensee), Landkreis;4322;1816;1035;899;572;997;938;6693;14,01
09777;Ostallgäu, Landkreis;5887;3092;1128;908;756;1075;973;9572;10,17
09778;Unterallgäu, Landkreis;7114;3704;1332;1215;861;1589;1383;9992;13,84
09779;Donau-Ries, Landkreis;5884;2918;1152;921;885;1134;997;8664;11,51
09780;Oberallgäu, Landkreis;6402;3448;1009;978;960;1291;1131;11950;9,46
10041;Saarbrücken, Regionalverband;25938;13869;4659;3975;3427;4985;4561;24240;18,82
10042;Merzig-Wadern, Landkreis;7902;4490;874;1560;978;1831;1697;7874;21,55
10043;Neunkirchen, Landkreis;11508;6887;1571;1575;1472;1968;1771;10320;17,16
10044;Saarlouis, Landkreis;16513;9890;2543;1938;2138;2374;2038;15848;12,86
10045;Saarpfalz-Kreis;11041;7006;1116;1535;1379;2202;1965;11993;16,38
10046;St. Wendel, Landkreis;7449;4386;1158;1085;819;1278;1145;6930;16,52
11000;Berlin;211999;115277;43847;27699;25157;32879;30178;240636;12,54
12051;Brandenburg an der Havel, kreisfreie Stadt;5784;2762;1396;905;720;1285;1044;7810;13,37
12052;Cottbus, kreisfreie Stadt;7080;3116;1841;1092;1027;1452;1153;9203;12,53
12053;Frankfurt (Oder), kreisfreie Stadt;4947;2597;950;782;617;991;807;5517;14,63
12054;Potsdam, kreisfreie Stadt;10087;5091;2117;1673;1199;1943;1796;13473;13,33
12060;Barnim, Landkreis;18557;11077;3881;2091;1508;2830;2439;15591;15,64
12061;Dahme-Spreewald, Landkreis;13229;7269;3109;1291;1556;1875;1512;14959;10,11
12062;Elbe-Elster, Landkreis;8947;4086;2706;878;1276;1279;950;9684;9,81
12063;Havelland, Landkreis;11705;6479;2656;1235;1332;1676;1299;12975;10,01
12064;Märkisch-Oderland, Landkreis;17998;10297;4113;1633;1953;2184;1756;16188;10,85
12065;Oberhavel, Landkreis;18528;11161;3767;1918;1681;2499;2057;17565;11,71
12066;Oberspreewald-Lausitz, Landkreis;9632;4849;2028;1294;1459;1753;1394;11366;12,26
12067;Oder-Spree, Landkreis;17785;9937;3934;1840;2070;2349;1971;16897;11,66
12068;Ostprignitz-Ruppin, Landkreis;10613;5998;2883;859;873;1318;1003;8715;11,51
12069;Potsdam-Mittelmark, Landkreis;13251;7229;2818;1592;1609;2337;1990;17009;11,70
12070;Prignitz, Landkreis;9778;5287;2674;922;894;1422;1004;7508;13,37
12071;Spree-Neiße, Landkreis;9242;4637;2179;1093;1327;1535;1202;10810;11,12
12072;Teltow-Fläming, Landkreis;12714;6765;2918;1570;1458;1995;1723;13485;12,78
12073;Uckermark, Landkreis;14195;8015;3859;1025;1296;1432;1060;11587;9,15
13003;Rostock, kreisfreie Stadt;14574;7122;3126;2418;1902;3127;2615;19671;13,29
13004;Schwerin, kreisfreie Stadt;8148;3660;1698;1707;1080;2241;1943;9477;20,50
13071;Mecklenburgische Seenplatte, Landkreis;24723;11580;6648;3231;3258;4526;3434;22028;15,59
13072;Landkreis Rostock;18408;8595;5001;2463;2340;3508;2643;17405;15,19
13073;Vorpommern-Rügen, Landkreis;21387;10962;5151;2484;2781;3382;2616;19495;13,42
13074;Nordwestmecklenburg, Landkreis;12492;6405;2625;1791;1671;2216;1950;12348;15,79
13075;Vorpommern-Greifswald, Landkreis;22683;10203;6927;2694;2853;3936;3124;19505;16,02
13076;Ludwigslust-Parchim, Landkreis;17457;8712;4104;2226;2397;3107;2399;16268;14,75
14511;Chemnitz, kreisfreie Stadt;23939;12230;5040;3310;3356;4223;3748;24264;15,45
14521;Erzgebirgskreis;33077;15214;8557;4774;4518;6268;5337;30783;17,34
14522;Mittelsachsen, Landkreis;28308;13622;6520;4129;4026;5392;4552;29277;15,55
14523;Vogtlandkreis;17087;6466;4779;3128;2706;3855;3575;23200;15,41
14524;Zwickau, Landkreis;28456;12367;7570;4365;4142;5903;5149;31157;16,53
14612;Dresden, kreisfreie Stadt;44141;22850;9934;5766;;6993;6231;48003;12,98
14625;Bautzen, Landkreis;31835;16525;7960;3427;3918;4688;3805;29069;13,09
14626;Görlitz, Landkreis;30121;14439;8434;3437;3804;4588;3657;26355;13,88
14627;Meißen, Landkreis;24436;13090;5880;2555;;3664;2876;24690;11,65
14628;Sächsische Schweiz-Osterzgebirge, Landkreis;23655;12645;5187;3132;;3985;3329;24525;13,57
14713;Leipzig, kreisfreie Stadt;39324;17725;9808;6284;5495;7780;6931;45270;15,31
14729;Leipzig, Landkreis;21802;10205;5372;3028;3191;3574;3192;23779;13,42
14730;Nordsachsen, Landkreis;17062;8738;3437;2341;2541;2872;2455;17698;13,87
15001;Dessau-Roßlau, kreisfreie Stadt;9000;4355;2348;1359;936;1705;1492;9099;16,40
15002;Halle (Saale), kreisfreie Stadt;19426;9106;5076;2712;2527;3189;2888;20081;14,38
15003;Magdeburg, kreisfreie Stadt, Landeshauptstadt;18240;9574;3106;3207;2345;4345;3721;21220;17,54
15081;Altmarkkreis Salzwedel;6812;3782;1235;892;901;1176;1026;6670;15,38
15082;Anhalt-Bitterfeld, Landkreis;16101;8294;4024;1980;1796;2711;2105;14651;14,37
15083;Börde, Landkreis;14444;7578;3195;1931;1735;2905;2137;12712;16,81
15084;Burgenlandkreis;18688;9889;4208;2523;2064;3272;2756;17119;16,10
15085;Harz, Landkreis;21012;10170;5158;3224;2451;4577;3559;20097;17,71
15086;Jerichower Land, Landkreis;8144;4737;1287;1353;766;1708;1446;7865;18,39
15087;Mansfeld-Südharz, Landkreis;14416;7565;3179;1926;1744;2438;2093;13193;15,86
15088;Saalekreis;15333;8443;3404;1646;1835;2134;1711;14893;11,49
15089;Salzlandkreis;17834;8674;4094;2775;2282;3566;2962;17478;16,95
15090;Stendal, Landkreis;10082;5308;2069;1453;1246;1960;1572;9179;17,13
15091;Wittenberg, Landkreis;14704;7378;4629;1277;1420;1844;1432;12192;11,75
16051;Erfurt, kreisfreie Stadt;16527;9164;3310;2195;1858;2799;2431;16698;14,56
16052;Gera, kreisfreie Stadt;8647;4263;2016;1220;1146;1522;1280;9477;13,51
16053;Jena, kreisfreie Stadt;7056;3602;1525;1119;810;1379;1238;9323;13,28
16054;Suhl, kreisfreie Stadt;3524;2037;669;419;399;506;436;3732;11,68
16055;Weimar, kreisfreie Stadt;5570;2498;1526;950;595;1256;1036;5597;18,51
16061;Eichsfeld, Landkreis;10335;5855;2578;984;911;1578;1064;8042;13,23
16062;Nordhausen, Landkreis;9836;4918;2429;1420;1066;1751;1526;7631;20,00
16063;Wartburgkreis;14160;8087;2575;1804;1687;2292;2059;13614;15,12
16064;Unstrut-Hainich-Kreis;12264;6392;3121;1418;1331;1930;1537;8104;18,97
16065;Kyffhäuserkreis;8756;4778;1944;1037;996;1274;1096;6395;17,14
16066;Schmalkalden-Meiningen, Landkreis;12653;7220;2730;1375;1326;1684;1499;10746;13,95
16067;Gotha, Landkreis;11398;6247;2394;1433;1320;1916;1718;11443;15,01
16068;Sömmerda, Landkreis;6964;3962;1592;626;783;934;760;5058;15,03
16069;Hildburghausen, Landkreis;5435;3213;817;757;648;952;858;4841;17,72
16070;Ilm-Kreis;9429;5471;1719;1206;1031;1380;1245;9338;13,33
16071;Weimarer Land, Landkreis;7174;3914;1583;844;828;1176;1005;5914;16,99
16072;Sonneberg, Landkreis;4769;2987;591;605;584;890;661;5206;12,70
16073;Saalfeld-Rudolstadt, Landkreis;9582;4877;2411;1199;1092;1455;1245;10250;12,15
16074;Saale-Holzland-Kreis;6114;3613;909;760;829;972;767;7139;10,74
16075;Saale-Orla-Kreis;6363;3443;1435;638;846;873;701;6816;10,28
16076;Greiz, Landkreis;8278;3992;2146;1204;935;1552;1344;9643;13,94
16077;Altenburger Land, Landkreis;9103;4595;2263;1172;1071;1580;1311;9337;14,04
