kreis_schluessel;kreis;pflegebeduerftige_2019;pflegebeduerftige_2023;vollstationaer_2019;vollstationaer_2023;plaetze_gesamt_2019;plaetze_gesamt_2023
01001;Flensburg, kreisfreie Stadt;3951;5298;978;987;1103;1092
01002;Kiel, kreisfreie Stadt;8697;12827;1987;1942;2502;2297
01003;Lübeck, kreisfreie Stadt, Hansestadt;10223;12926;3154;3055;3517;3410
01004;Neumünster, kreisfreie Stadt;4273;5502;1212;995;1497;1197
01051;Dithmarschen, Kreis;6593;9606;1637;1723;1916;2118
01053;Herzogtum Lauenburg, Kreis;9402;12355;2325;2208;2731;2640
01054;Nordfriesland, Kreis;7406;10092;1786;1699;2064;1992
01055;Ostholstein, Kreis;10340;13105;3148;3050;3529;3703
01056;Pinneberg, Kreis;13167;17129;3258;3270;3842;3837
01057;Plön, Kreis;5175;6994;1207;1294;1499;1687
01058;Rendsburg-Eckernförde, Kreis;11452;15502;3014;2983;3667;3658
01059;Schleswig-Flensburg, Kreis;9920;13845;2837;2681;3317;3219
01060;Segeberg, Kreis;11996;15981;3466;3225;4019;4212
01061;Steinburg, Kreis;7076;9312;1818;1714;1952;1996
01062;Stormarn, Kreis;10678;14849;3290;3131;3962;3744
02000;Hamburg;77325;96606;16276;14416;19462;17785
03101;Braunschweig, kreisfreie Stadt;12768;17043;2871;2934;3286;3405
03102;Salzgitter, kreisfreie Stadt;6932;9459;1478;1344;1641;1607
03103;Wolfsburg, kreisfreie Stadt;6610;9535;1201;1147;1342;1412
03151;Gifhorn, Landkreis;10021;13322;1806;1709;2156;2212
03153;Goslar, Landkreis;10707;13540;3005;2651;3594;3279
03154;Helmstedt, Landkreis;5103;7137;1600;1417;1856;1682
03155;Northeim, Landkreis;9751;13178;2202;2108;2637;2655
03157;Peine, Landkreis;7792;10783;1860;1698;2156;2147
03158;Wolfenbüttel, Landkreis;6542;8825;1497;1461;1642;1690
03159;Göttingen, Landkreis;18928;25377;4857;4543;5728;5727
03241;Region Hannover, Landkreis;62064;85769;14004;13583;16675;16997
03251;Diepholz, Landkreis;11908;16642;2233;2239;2948;3173
03252;Hameln-Pyrmont, Landkreis;9892;13234;2479;2372;3079;3064
03254;Hildesheim, Landkreis;17509;23532;3693;3612;4591;4900
03255;Holzminden, Landkreis;5343;6745;1248;1132;1465;1397
03256;Nienburg (Weser), Landkreis;7948;10673;1766;1717;2180;2222
03257;Schaumburg, Landkreis;11656;15637;2950;2749;3620;3835
03351;Celle, Landkreis;11638;15172;2539;2590;2894;3100
03352;Cuxhaven, Landkreis;11540;15817;2595;2557;3082;3309
03353;Harburg, Landkreis;11045;14173;2382;2061;2735;2603
03354;Lüchow-Dannenberg, Landkreis;3543;4864;874;898;1022;1147
03355;Lüneburg, Landkreis;8365;10656;2114;1847;2535;2274
03356;Osterholz, Landkreis;5917;8044;1386;1259;1605;1595
03357;Rotenburg (Wümme), Landkreis;8906;11708;1939;1794;2397;2307
03358;Heidekreis;8019;11590;1717;1815;2064;2230
03359;Stade, Landkreis;10081;13678;2274;2147;2550;2668
03360;Uelzen, Landkreis;5839;7626;1696;1592;1978;2015
03361;Verden, Landkreis;6895;9606;1647;1882;1948;2251
03401;Delmenhorst, kreisfreie Stadt;4532;6616;565;702;662;838
03402;Emden, kreisfreie Stadt;3116;4011;514;519;605;615
03403;Oldenburg (Oldb), kreisfreie Stadt;7738;10606;1622;1464;1889;1945
03404;Osnabrück, kreisfreie Stadt;7430;10941;1338;1394;1758;1710
03405;Wilhelmshaven, kreisfreie Stadt;5291;6992;1217;1178;1399;1478
03451;Ammerland, Landkreis;6510;9749;1212;1153;1482;1621
03452;Aurich, Landkreis;13311;18015;1634;1589;2270;2329
03453;Cloppenburg, Landkreis;9430;13042;1637;1763;2111;2208
03454;Emsland, Landkreis;19268;25748;2569;2572;3480;3597
03455;Friesland, Landkreis;6197;9504;1151;1112;1420;1788
03456;Grafschaft Bentheim, Landkreis;8142;11741;1325;1367;1701;1800
03457;Leer, Landkreis;11063;15473;1565;1625;1978;2198
03458;Oldenburg, Landkreis;6862;9481;1670;1606;1930;2046
03459;Osnabrück, Landkreis;18547;25891;3696;3676;4663;4949
03460;Vechta, Landkreis;6234;8669;1210;1322;1602;1729
03461;Wesermarsch, Landkreis;5349;7055;1280;1270;1505;1500
03462;Wittmund, Landkreis;3973;6172;623;508;765;796
04011;Bremen, kreisfreie Stadt;27615;37748;5250;4941;6674;6366
04012;Bremerhaven, kreisfreie Stadt;6961;9880;923;845;1282;1243
05111;Düsseldorf, kreisfreie Stadt;28401;40248;4642;4559;5102;5301
05112;Duisburg, kreisfreie Stadt;30665;44910;5094;5079;5554;5760
05113;Essen, kreisfreie Stadt;29328;41063;6772;6606;7338;7170
05114;Krefeld, kreisfreie Stadt;15076;23169;2190;2250;2498;2603
05116;Mönchengladbach, kreisfreie Stadt;17102;27163;2431;2546;2700;2865
05117;Mülheim an der Ruhr, kreisfreie Stadt;9030;13296;1737;1819;1972;2029
05119;Oberhausen, kreisfreie Stadt;13019;17645;2007;1997;2305;2403
05120;Remscheid, kreisfreie Stadt;6782;10012;1111;1139;1309;1313
05122;Solingen, kreisfreie Stadt;9928;13477;1886;1864;2069;2076
05124;Wuppertal, kreisfreie Stadt;17302;25081;3595;3611;4000;4045
05154;Kleve, Kreis;19562;26821;3126;3311;3569;3831
05158;Mettmann, Kreis;25779;37107;4798;4480;5281;5112
05162;Rhein-Kreis Neuss;23782;33302;3784;3814;4209;4484
05166;Viersen, Kreis;19116;29823;2385;2506;2663;2934
05170;Wesel, Kreis;31484;44837;4652;4964;5377;5921
05314;Bonn, kreisfreie Stadt;14555;19909;2898;2863;3376;3337
05315;Köln, kreisfreie Stadt;48844;73822;7566;7510;8041;8230
05316;Leverkusen, kreisfreie Stadt;9897;15536;1275;1231;1402;1443
05334;Städteregion Aachen, Kreis;32604;50506;5596;5559;6459;6456
05358;Düren, Kreis;16974;26844;2794;3089;3343;3729
05362;Rhein-Erft-Kreis;24124;37814;3334;3584;3703;4034
05366;Euskirchen, Kreis;13530;18779;2354;2109;2610;2436
05370;Heinsberg, Kreis;17762;28173;2585;2650;3076;3249
05374;Oberbergischer Kreis;17552;24457;3192;3119;3542;3595
05378;Rheinisch-Bergischer Kreis;16252;23730;2687;2444;3017;3028
05382;Rhein-Sieg-Kreis;30729;45249;5250;5148;5827;5906
05512;Bottrop, kreisfreie Stadt;6833;9563;1375;1345;1480;1465
05513;Gelsenkirchen, kreisfreie Stadt;14234;20215;2501;2589;2746;2935
05515;Münster, kreisfreie Stadt;10653;13694;2648;2553;2984;3021
05554;Borken, Kreis;18145;25254;3003;3080;3672;3974
05558;Coesfeld, Kreis;10134;14284;2302;2410;2606;2894
05562;Recklinghausen, Kreis;37309;53048;6824;6706;7689;7783
05566;Steinfurt, Kreis;21852;30541;3728;3772;4408;5021
05570;Warendorf, Kreis;13011;18345;2492;2612;2857;3207
05711;Bielefeld, kreisfreie Stadt;17280;22590;2767;2656;3221;3282
05754;Gütersloh, Kreis;15998;21952;2492;2354;3244;3434
05758;Herford, Kreis;12538;17032;2560;2517;2933;2913
05762;Höxter, Kreis;8473;11772;1438;1479;1642;1813
05766;Lippe, Kreis;16933;22590;3734;3557;4298;4308
05770;Minden-Lübbecke, Kreis;16480;21351;3424;3267;4236;4310
05774;Paderborn, Kreis;13384;18939;2494;2533;2926;3159
05911;Bochum, kreisfreie Stadt;18513;25591;3317;3508;3733;4118
05913;Dortmund, kreisfreie Stadt;29678;42960;5512;5528;6082;6376
05914;Hagen, kreisfreie Stadt;11458;15260;2180;2056;2402;2393
05915;Hamm, kreisfreie Stadt;8503;13152;1829;1789;2068;1983
05916;Herne, kreisfreie Stadt;9756;13867;1725;1964;1967;2404
05954;Ennepe-Ruhr-Kreis;17147;25016;3506;3481;3843;4192
05958;Hochsauerlandkreis;13801;19367;2541;2584;2974;3146
05962;Märkischer Kreis;22386;32651;4391;4273;4893;4884
05966;Olpe, Kreis;7251;10175;1177;1219;1374;1438
05970;Siegen-Wittgenstein, Kreis;15395;21405;2091;2183;2427;2672
05974;Soest, Kreis;15301;21357;3368;3155;4025;3845
05978;Unna, Kreis;23362;32390;3968;4192;4387;4740
06411;Darmstadt, kreisfreie Stadt, Wissenschaftsstadt;5346;7587;1111;1155;1261;1285
06412;Frankfurt am Main, kreisfreie Stadt;29613;38910;4590;4418;5106;5148
06413;Offenbach am Main, kreisfreie Stadt;5117;6998;902;936;991;1019
06414;Wiesbaden, kreisfreie Stadt, Landeshauptstadt;11947;16251;2153;2236;2453;2579
06431;Bergstraße, Landkreis;13762;19288;2763;2806;3288;3248
06432;Darmstadt-Dieburg, Landkreis;11960;17336;2044;1975;2375;2463
06433;Groß-Gerau, Landkreis;12272;16707;1861;1875;2064;2199
06434;Hochtaunuskreis;10316;13995;2479;2212;2786;2614
06435;Main-Kinzig-Kreis;19401;27437;3465;3765;4029;4537
06436;Main-Taunus-Kreis;9894;13683;1490;1489;1740;1707
06437;Odenwaldkreis;5743;7942;1263;1265;1396;1439
06438;Offenbach, Landkreis;13926;19610;2522;2605;2955;3045
06439;Rheingau-Taunus-Kreis;8479;11553;1637;1752;1725;1926
06440;Wetteraukreis;16565;22125;3415;3697;3886;4293
06531;Gießen, Landkreis;13673;20662;2496;2502;2911;3043
06532;Lahn-Dill-Kreis;16031;23320;2727;2836;3241;3507
06533;Limburg-Weilburg, Landkreis;9238;12640;1727;1776;2159;2232
06534;Marburg-Biedenkopf, Landkreis;14614;21538;2170;2170;2571;2704
06535;Vogelsbergkreis;6995;9213;1326;1334;1676;1561
06611;Kassel, kreisfreie Stadt, documenta-Stadt;11362;14217;1776;1671;2096;2073
06631;Fulda, Landkreis;12608;15546;2601;2650;3042;3194
06632;Hersfeld-Rotenburg, Landkreis;7704;9475;1414;1462;1597;1785
06633;Kassel, Landkreis;14334;19591;3118;2855;3805;3675
06634;Schwalm-Eder-Kreis;11264;14017;2210;2067;2637;2661
06635;Waldeck-Frankenberg, Landkreis;10447;14128;2361;2254;2776;2719
06636;Werra-Meißner-Kreis;8042;9609;1593;1559;1808;1715
07111;Koblenz, kreisfreie Stadt;6221;8124;1527;1471;1866;1864
07131;Ahrweiler, Landkreis;8136;9830;1370;1116;1716;1366
07132;Altenkirchen (Westerwald), Landkreis;7739;10743;1299;1296;1533;1590
07133;Bad Kreuznach, Landkreis;8086;10360;1394;1294;1714;1749
07134;Birkenfeld, Landkreis;4617;5984;995;974;1178;1163
07135;Cochem-Zell, Landkreis;4838;5362;854;771;1084;942
07137;Mayen-Koblenz, Landkreis;11457;15001;1877;1949;2368;2537
07138;Neuwied, Landkreis;10306;13881;1985;1840;2338;2207
07140;Rhein-Hunsrück-Kreis;5858;7123;1045;1020;1277;1284
07141;Rhein-Lahn-Kreis;6279;8057;1023;1073;1288;1433
07143;Westerwaldkreis;9912;14250;2021;2006;2490;2635
07211;Trier, kreisfreie Stadt;3635;4782;908;969;1090;1212
07231;Bernkastel-Wittlich, Landkreis;5583;7045;1227;1140;1398;1358
07232;Eifelkreis Bitburg-Prüm;4809;6003;842;839;1022;1094
07233;Vulkaneifel, Landkreis;3836;4701;702;676;836;799
07235;Trier-Saarburg, Landkreis;5741;7508;1432;1500;1664;1678
07311;Frankenthal (Pfalz), kreisfreie Stadt;2253;3355;492;508;641;640
07312;Kaiserslautern, kreisfreie Stadt;4427;6134;1024;988;1233;1160
07313;Landau in der Pfalz, kreisfreie Stadt;2664;3127;421;370;521;535
07314;Ludwigshafen am Rhein, kreisfreie Stadt;7787;11776;1348;1334;1631;1602
07315;Mainz, kreisfreie Stadt;7162;9114;1519;1429;1842;1840
07316;Neustadt an der Weinstraße, kreisfreie Stadt;2610;3732;445;401;563;550
07317;Pirmasens, kreisfreie Stadt;3069;4234;597;602;688;727
07318;Speyer, kreisfreie Stadt;2614;3653;796;761;895;875
07319;Worms, kreisfreie Stadt;3727;5537;836;757;1177;1065
07320;Zweibrücken, kreisfreie Stadt;2116;2870;311;356;338;389
07331;Alzey-Worms, Landkreis;5678;7353;876;958;1094;1196
07332;Bad Dürkheim, Landkreis;6029;8387;1382;1359;1683;1651
07333;Donnersbergkreis;3967;5883;832;829;998;1033
07334;Germersheim, Landkreis;6149;8437;911;922;1083;1056
07335;Kaiserslautern, Landkreis;5204;6960;764;918;893;1166
07336;Kusel, Landkreis;3927;5571;582;637;762;851
07337;Südliche Weinstraße, Landkreis;5291;7331;667;532;868;855
07338;Rhein-Pfalz-Kreis;7729;10351;1141;1219;1382;1460
07339;Mainz-Bingen, Landkreis;7693;10583;1532;1592;1861;2165
07340;Südwestpfalz, Landkreis;5559;8377;756;667;904;832
08111;Stuttgart, Stadtkreis;21091;26992;4886;4564;5536;5102
08115;Böblingen, Landkreis;15091;21078;2800;2775;3159;3154
08116;Esslingen, Landkreis;20908;27422;4041;4045;4629;4622
08117;Göppingen, Landkreis;12194;15560;2284;2437;2662;2927
08118;Ludwigsburg, Landkreis;20876;28077;3982;4005;4577;4725
08119;Rems-Murr-Kreis, Landkreis;18306;23155;3761;3548;4214;4003
08121;Heilbronn, Stadtkreis;6135;8181;1439;1417;1750;1633
08125;Heilbronn, Landkreis;13952;19291;2752;2766;3212;3315
08126;Hohenlohekreis, Landkreis;5350;7054;1155;985;1358;1183
08127;Schwäbisch Hall, Landkreis;9125;11111;1748;1789;1979;2038
08128;Main-Tauber-Kreis, Landkreis;6894;9448;1579;1560;1823;1956
08135;Heidenheim, Landkreis;5866;7838;1236;1215;1383;1442
08136;Ostalbkreis, Landkreis;12704;16889;2887;2802;3236;3345
08211;Baden-Baden, Stadtkreis;2774;3593;619;594;750;791
08212;Karlsruhe, Stadtkreis;11474;15199;2605;2522;2851;2733
08215;Karlsruhe, Landkreis;20228;27562;3864;3983;4640;4923
08216;Rastatt, Landkreis;10919;14291;1839;1765;2120;2254
08221;Heidelberg, Stadtkreis;4992;6812;1141;1225;1294;1350
08222;Mannheim, Stadtkreis;14756;20939;2785;2780;3179;3134
08225;Neckar-Odenwald-Kreis, Landkreis;8884;11147;1606;1743;2097;2261
08226;Rhein-Neckar-Kreis, Landkreis;26669;37540;4566;4326;5252;5073
08231;Pforzheim, Stadtkreis;7163;8724;1540;1376;1749;1679
08235;Calw, Landkreis;7824;10445;1651;1843;2020;2225
08236;Enzkreis, Landkreis;10579;13317;1796;1846;2184;2365
08237;Freudenstadt, Landkreis;5695;7598;1292;1322;1503;1521
08311;Freiburg im Breisgau, Stadtkreis;7741;9640;1944;1900;2154;2142
08315;Breisgau-Hochschwarzwald, Landkreis;10104;13418;1980;2109;2332;2593
08316;Emmendingen, Landkreis;7143;9140;1415;1399;1607;1644
08317;Ortenaukreis, Landkreis;19271;24224;4270;4357;5225;5551
08325;Rottweil, Landkreis;6435;9001;1238;1251;1434;1630
08326;Schwarzwald-Baar-Kreis, Landkreis;10047;13617;2135;2195;2534;2522
08327;Tuttlingen, Landkreis;5809;7997;1157;1116;1431;1449
08335;Konstanz, Landkreis;12078;16193;2623;2736;2993;3184
08336;Lörrach, Landkreis;9333;11974;1806;1669;2020;1941
08337;Waldshut, Landkreis;6523;9282;1521;1394;1761;1679
08415;Reutlingen, Landkreis;12423;16341;2300;2102;2586;2395
08416;Tübingen, Landkreis;7884;11117;1397;1334;1618;1717
08417;Zollernalbkreis, Landkreis;9255;12280;1528;1385;1924;1758
08421;Ulm, Stadtkreis;5113;6893;1089;1135;1369;1408
08425;Alb-Donau-Kreis, Landkreis;8245;10310;1564;1509;1913;1820
08426;Biberach, Landkreis;7693;10232;1463;1423;1802;1813
08435;Bodenseekreis, Landkreis;8484;11093;1596;1509;1830;1733
08436;Ravensburg, Landkreis;11872;14546;2221;2211;2456;2570
08437;Sigmaringen, Landkreis;6011;8270;946;941;1143;1196
09161;Ingolstadt, kreisfreie Stadt;4143;5581;923;932;1107;1145
09162;München, kreisfreie Stadt;37740;48818;7252;7235;8174;8233
09163;Rosenheim, kreisfreie Stadt;1818;2393;368;362;482;468
09171;Altötting, Landkreis;4457;5796;1236;1299;1556;1655
09172;Berchtesgadener Land, Landkreis;3823;4786;1083;1034;1314;1274
09173;Bad Tölz-Wolfratshausen, Landkreis;4784;5886;962;1011;1145;1211
09174;Dachau, Landkreis;5106;5689;1414;1186;1593;1457
09175;Ebersberg, Landkreis;3826;4965;1050;1123;1195;1250
09176;Eichstätt, Landkreis;3747;5030;728;703;934;1034
09177;Erding, Landkreis;3414;4701;984;955;1113;1078
09178;Freising, Landkreis;4021;5691;978;1003;1163;1184
09179;Fürstenfeldbruck, Landkreis;6529;8295;1626;1617;2059;1981
09180;Garmisch-Partenkirchen, Landkreis;3409;4249;634;486;939;790
09181;Landsberg am Lech, Landkreis;3648;4605;630;604;718;771
09182;Miesbach, Landkreis;3160;3741;825;657;1013;858
09183;Mühldorf a.Inn, Landkreis;4537;5611;1386;1366;1621;1681
09184;München, Landkreis;10220;13242;3008;2952;3511;3452
09185;Neuburg-Schrobenhausen, Landkreis;2878;3948;703;737;942;888
09186;Pfaffenhofen a.d.Ilm, Landkreis;3584;4807;971;937;1171;1060
09187;Rosenheim, Landkreis;9097;11817;3189;3134;3800;3640
09188;Starnberg, Landkreis;4589;5540;1060;1059;1297;1434
09189;Traunstein, Landkreis;6169;7684;1698;1612;1962;2004
09190;Weilheim-Schongau, Landkreis;5117;5938;962;1087;1242;1273
09261;Landshut, kreisfreie Stadt;2739;3167;1035;1008;1239;1176
09262;Passau, kreisfreie Stadt;3925;4599;857;727;1028;984
09263;Straubing, kreisfreie Stadt;2657;3263;697;584;940;728
09271;Deggendorf, Landkreis;6094;7215;1280;1114;1561;1386
09272;Freyung-Grafenau, Landkreis;5083;6018;789;791;868;967
09273;Kelheim, Landkreis;4418;6101;890;903;1214;1306
09274;Landshut, Landkreis;4884;6678;1107;1062;1425;1397
09275;Passau, Landkreis;10749;13482;1849;1686;2300;2284
09276;Regen, Landkreis;3974;4840;707;786;858;1019
09277;Rottal-Inn, Landkreis;6117;7308;1234;1161;1561;1587
09278;Straubing-Bogen, Landkreis;4225;4962;605;473;735;635
09279;Dingolfing-Landau, Landkreis;4161;5022;725;689;960;1106
09361;Amberg, kreisfreie Stadt;2095;2662;631;656;727;831
09362;Regensburg, kreisfreie Stadt;5528;6622;1600;1433;1855;1794
09363;Weiden i.d.OPf., kreisfreie Stadt;2391;2913;644;644;781;755
09371;Amberg-Sulzbach, Landkreis;3900;5359;1144;1147;1362;1409
09372;Cham, Landkreis;6714;8065;1363;1271;1739;1789
09373;Neumarkt i.d.OPf., Landkreis;5187;6489;1297;1310;1516;1552
09374;Neustadt a.d.Waldnaab, Landkreis;4571;5296;1041;949;1326;1326
09375;Regensburg, Landkreis;6458;8979;1693;1691;2135;2183
09376;Schwandorf, Landkreis;6459;8474;1629;1574;1892;1825
09377;Tirschenreuth, Landkreis;3716;4379;989;935;1224;1182
09461;Bamberg, kreisfreie Stadt;2816;3636;867;804;1055;1032
09462;Bayreuth, kreisfreie Stadt;3188;3945;1095;1057;1248;1408
09463;Coburg, kreisfreie Stadt;2106;2775;570;567;679;666
09464;Hof, kreisfreie Stadt;3005;3631;794;762;923;905
09471;Bamberg, Landkreis;5656;7095;1270;1143;1647;1638
09472;Bayreuth, Landkreis;4551;5710;1170;1112;1529;1511
09473;Coburg, Landkreis;4216;5239;952;954;1146;1153
09474;Forchheim, Landkreis;4288;6179;855;831;1203;1205
09475;Hof, Landkreis;5747;6960;1466;1400;1633;1641
09476;Kronach, Landkreis;4165;5083;676;640;907;923
09477;Kulmbach, Landkreis;3940;4705;904;824;1073;1125
09478;Lichtenfels, Landkreis;3626;4795;922;813;1145;1106
09479;Wunsiedel i.Fichtelgebirge, Landkreis;4574;5523;1019;954;1111;1094
09561;Ansbach, kreisfreie Stadt;1859;2357;571;525;706;707
09562;Erlangen, kreisfreie Stadt;3787;5036;1002;1051;1171;1228
09563;Fürth, kreisfreie Stadt;4339;6015;1258;1209;1504;1508
09564;Nürnberg, kreisfreie Stadt;19553;26283;5350;5091;6045;6095
09565;Schwabach, kreisfreie Stadt;1544;2124;449;425;506;506
09571;Ansbach, Landkreis;7563;10011;1606;1655;1947;2107
09572;Erlangen-Höchstadt, Landkreis;4412;5815;1040;985;1280;1182
09573;Fürth, Landkreis;4937;6320;1314;1179;1494;1456
09574;Nürnberger Land, Landkreis;6515;8597;1579;1562;1955;2062
09575;Neustadt a.d.Aisch-Bad Windsheim, Landkreis;4067;5440;1010;986;1301;1257
09576;Roth, Landkreis;4966;6642;1037;1036;1264;1286
09577;Weißenburg-Gunzenhausen, Landkreis;4174;5485;916;843;1133;1094
09661;Aschaffenburg, kreisfreie Stadt;3361;4372;663;650;769;739
09662;Schweinfurt, kreisfreie Stadt;3031;3510;880;900;1076;1132
09663;Würzburg, kreisfreie Stadt;5687;6764;1727;1689;2121;1995
09671;Aschaffenburg, Landkreis;7171;10087;1171;1159;1487;1642
09672;Bad Kissingen, Landkreis;5804;7288;1371;1176;1714;1565
09673;Rhön-Grabfeld, Landkreis;4284;5149;874;767;1135;1048
09674;Haßberge, Landkreis;3772;4740;587;560;782;744
09675;Kitzingen, Landkreis;3788;4694;919;815;1069;1159
09676;Miltenberg, Landkreis;5770;7650;1043;1156;1359;1597
09677;Main-Spessart, Landkreis;6061;7608;1263;1118;1562;1621
09678;Schweinfurt, Landkreis;4666;5960;1079;1205;1393;1566
09679;Würzburg, Landkreis;5637;7513;955;877;1568;1480
09761;Augsburg, kreisfreie Stadt;11401;14208;2687;2591;3260;3161
09762;Kaufbeuren, kreisfreie Stadt;1973;2617;526;475;588;573
09763;Kempten (Allgäu), kreisfreie Stadt;2504;3346;563;479;666;661
09764;Memmingen, kreisfreie Stadt;1877;2366;420;329;592;530
09771;Aichach-Friedberg, Landkreis;4230;5657;902;851;1039;1045
09772;Augsburg, Landkreis;9475;12040;1839;1784;2183;2171
09773;Dillingen a.d.Donau, Landkreis;3712;5028;1014;901;1160;1170
09774;Günzburg, Landkreis;4496;6489;996;976;1163;1255
09775;Neu-Ulm, Landkreis;6022;8471;1423;1372;1627;1718
09776;Lindau (Bodensee), Landkreis;3411;4322;943;899;1148;997
09777;Ostallgäu, Landkreis;4097;5887;900;908;1097;1075
09778;Unterallgäu, Landkreis;5202;7114;1270;1215;1523;1589
09779;Donau-Ries, Landkreis;4559;5884;927;921;1094;1134
09780;Oberallgäu, Landkreis;4550;6402;1090;978;1386;1291
10041;Saarbrücken, Regionalverband;17128;25938;4024;3975;4774;4985
10042;Merzig-Wadern, Landkreis;5864;7902;1537;1560;1951;1831
10043;Neunkirchen, Landkreis;7820;11508;1780;1575;2134;1968
10044;Saarlouis, Landkreis;11508;16513;1923;1938;2292;2374
10045;Saarpfalz-Kreis;7657;11041;1539;1535;1868;2202
10046;St. Wendel, Landkreis;5341;7449;1061;1085;1247;1278
11000;Berlin;158482;211999;29069;27699;34300;32879
12051;Brandenburg an der Havel, kreisfreie Stadt;4181;5784;847;905;1324;1285
12052;Cottbus, kreisfreie Stadt;5185;7080;1140;1092;1391;1452
12053;Frankfurt (Oder), kreisfreie Stadt;3725;4947;830;782;988;991
12054;Potsdam, kreisfreie Stadt;7525;10087;1718;1673;1984;1943
12060;Barnim, Landkreis;13359;18557;2226;2091;2693;2830
12061;Dahme-Spreewald, Landkreis;9081;13229;1358;1291;1772;1875
12062;Elbe-Elster, Landkreis;6813;8947;900;878;1216;1279
12063;Havelland, Landkreis;8006;11705;1262;1235;1646;1676
12064;Märkisch-Oderland, Landkreis;13170;17998;1848;1633;2362;2184
12065;Oberhavel, Landkreis;12816;18528;1973;1918;2362;2499
12066;Oberspreewald-Lausitz, Landkreis;6855;9632;1295;1294;1683;1753
12067;Oder-Spree, Landkreis;12579;17785;1807;1840;2218;2349
12068;Ostprignitz-Ruppin, Landkreis;7883;10613;1026;859;1327;1318
12069;Potsdam-Mittelmark, Landkreis;9196;13251;1748;1592;2300;2337
12070;Prignitz, Landkreis;7289;9778;1022;922;1409;1422
12071;Spree-Neiße, Landkreis;6578;9242;1091;1093;1367;1535
12072;Teltow-Fläming, Landkreis;8819;12714;1628;1570;2011;1995
12073;Uckermark, Landkreis;10911;14195;1074;1025;1430;1432
13003;Rostock, kreisfreie Stadt;10670;14574;2560;2418;3021;3127
13004;Schwerin, kreisfreie Stadt;5775;8148;1451;1707;1790;2241
13071;Mecklenburgische Seenplatte, Landkreis;18006;24723;3064;3231;4119;4526
13072;Landkreis Rostock;13453;18408;2468;2463;3346;3508
13073;Vorpommern-Rügen, Landkreis;17028;21387;2608;2484;3373;3382
13074;Nordwestmecklenburg, Landkreis;8999;12492;1732;1791;2156;2216
13075;Vorpommern-Greifswald, Landkreis;16642;22683;2989;2694;4002;3936
13076;Ludwigslust-Parchim, Landkreis;12423;17457;2401;2226;3200;3107
14511;Chemnitz, kreisfreie Stadt;15785;23939;3532;3310;4166;4223
14521;Erzgebirgskreis;24070;33077;4624;4774;5528;6268
14522;Mittelsachsen, Landkreis;18853;28308;4025;4129;4858;5392
14523;Vogtlandkreis;12005;17087;3245;3128;3632;3855
14524;Zwickau, Landkreis;19820;28456;4512;4365;5672;5903
14612;Dresden, kreisfreie Stadt;29536;44141;6057;5766;7017;6993
14625;Bautzen, Landkreis;21430;31835;3715;3427;4436;4688
14626;Görlitz, Landkreis;21263;30121;3533;3437;4222;4588
14627;Meißen, Landkreis;16929;24436;2705;2555;3542;3664
14628;Sächsische Schweiz-Osterzgebirge, Landkreis;16026;23655;3415;3132;4045;3985
14713;Leipzig, kreisfreie Stadt;28001;39324;6380;6284;7478;7780
14729;Leipzig, Landkreis;14969;21802;3109;3028;3539;3574
14730;Nordsachsen, Landkreis;12125;17062;2458;2341;2883;2872
15001;Dessau-Roßlau, kreisfreie Stadt;5415;9000;1338;1359;1543;1705
15002;Halle (Saale), kreisfreie Stadt;13005;19426;2809;2712;3203;3189
15003;Magdeburg, kreisfreie Stadt, Landeshauptstadt;11374;18240;3150;3207;3710;4345
15081;Altmarkkreis Salzwedel;4218;6812;987;892;1179;1176
15082;Anhalt-Bitterfeld, Landkreis;10091;16101;1891;1980;2478;2711
15083;Börde, Landkreis;9158;14444;2194;1931;2789;2905
15084;Burgenlandkreis;12406;18688;2643;2523;3047;3272
15085;Harz, Landkreis;13863;21012;3491;3224;4355;4577
15086;Jerichower Land, Landkreis;5087;8144;1345;1353;1764;1708
15087;Mansfeld-Südharz, Landkreis;9253;14416;1915;1926;2317;2438
15088;Saalekreis;9915;15333;1597;1646;1906;2134
15089;Salzlandkreis;10783;17834;2866;2775;3517;3566
15090;Stendal, Landkreis;6457;10082;1444;1453;1830;1960
15091;Wittenberg, Landkreis;8647;14704;1402;1277;1765;1844
16051;Erfurt, kreisfreie Stadt;11452;16527;2456;2195;2834;2799
16052;Gera, kreisfreie Stadt;6413;8647;1241;1220;1483;1522
16053;Jena, kreisfreie Stadt;4957;7056;1188;1119;1393;1379
16054;Suhl, kreisfreie Stadt;2489;3524;435;419;487;506
16055;Weimar, kreisfreie Stadt;4617;5570;925;950;1229;1256
16061;Eichsfeld, Landkreis;6694;10335;980;984;1358;1578
16062;Nordhausen, Landkreis;6368;9836;1437;1420;1714;1751
16063;Wartburgkreis;10351;14160;1812;1804;2109;2292
16064;Unstrut-Hainich-Kreis;8246;12264;1433;1418;1716;1930
16065;Kyffhäuserkreis;6268;8756;1035;1037;1253;1274
16066;Schmalkalden-Meiningen, Landkreis;8973;12653;1434;1375;1621;1684
16067;Gotha, Landkreis;7922;11398;1421;1433;1654;1916
16068;Sömmerda, Landkreis;4843;6964;663;626;833;934
16069;Hildburghausen, Landkreis;4201;5435;877;757;995;952
16070;Ilm-Kreis;6330;9429;1217;1206;1401;1380
16071;Weimarer Land, Landkreis;4825;7174;916;844;1046;1176
16072;Sonneberg, Landkreis;3185;4769;688;605;847;890
16073;Saalfeld-Rudolstadt, Landkreis;6827;9582;1259;1199;1543;1455
16074;Saale-Holzland-Kreis;4222;6114;788;760;929;972
16075;Saale-Orla-Kreis;4282;6363;676;638;848;873
16076;Greiz, Landkreis;5795;8278;1277;1204;1504;1552
16077;Altenburger Land, Landkreis;6332;9103;1149;1172;1614;1580
