slug;ort;kreis_schluessel;regionalschluessel_zensus2022;kasten;hinweis
aachen;Aachen;05334;053340002002;ja;Die Stadt Aachen gehört zur Städteregion Aachen, Kreiswerte gibt es nur für die Städteregion
aalen;Aalen;08136;081365001088;ja;
amberg;Amberg;09361;093610000000;ja;
aschaffenburg;Aschaffenburg;09661;096610000000;ja;
augsburg;Augsburg;09761;097610000000;ja;
bad-aibling;Bad Aibling;09187;091870117117;ja;
bad-duerkheim;Bad Dürkheim;07332;073320002002;ja;
bad-homburg;Bad Homburg vor der Höhe;06434;064340001001;ja;
bad-kissingen;Bad Kissingen;09672;096720114114;ja;
bad-kreuznach;Bad Kreuznach;07133;071330006006;ja;
bad-nauheim;Bad Nauheim;06440;064400002002;ja;
bad-neuenahr;Bad Neuenahr-Ahrweiler;07131;071310007007;ja;
bad-reichenhall;Bad Reichenhall;09172;091720114114;ja;
bad-toelz;Bad Tölz;09173;091730112112;ja;
bad-vilbel;Bad Vilbel;06440;064400003003;ja;Bad Vilbel liegt im Wetteraukreis, das Feld kreis der Seite nennt den Main-Kinzig-Kreis (Einzugsgebiet)
bamberg;Bamberg;09461;094610000000;ja;
bayreuth;Bayreuth;09462;094620000000;ja;
bensheim;Bensheim;06431;064310002002;ja;
berchtesgaden;Berchtesgaden;09172;091720116116;ja;
bergisch-gladbach;Bergisch Gladbach;05378;053780004004;ja;
berlin;Berlin;11000;110000000000;ja;
bielefeld;Bielefeld;05711;057110000000;ja;
bietigheim-bissingen;Bietigheim-Bissingen;08118;081185002079;ja;
bocholt;Bocholt;05554;055540008008;ja;Feld kreis der Seite: „Westmünsterland“ (Landschaft), Bocholt liegt im Kreis Borken
bochum;Bochum;05911;059110000000;ja;
bonn;Bonn;05314;053140000000;ja;
bottrop;Bottrop;05512;055120000000;ja;
braunschweig;Braunschweig;03101;031010000000;ja;
bremen;Bremen;04011;040110000000;ja;
bremerhaven;Bremerhaven;04012;040120000000;ja;
bruchsal;Bruchsal;08215;082155003009;ja;
chemnitz;Chemnitz;14511;145110000000;ja;
cochem;Cochem;07135;071355001020;ja;
cottbus;Cottbus;12052;120520000000;ja;
dachau;Dachau;09174;091740115115;ja;
darmstadt;Darmstadt;06411;064110000000;ja;
deggendorf;Deggendorf;09271;092710119119;ja;
dessau;Dessau-Roßlau;15001;150010000000;ja;
dormagen;Dormagen;05162;051620004004;ja;
dortmund;Dortmund;05913;059130000000;ja;
dresden;Dresden;14612;146120000000;ja;
dueren;Düren;05358;053580008008;ja;
duesseldorf;Düsseldorf;05111;051110000000;ja;
duisburg;Duisburg;05112;051120000000;ja;
ebersberg;Ebersberg;09175;091750115115;ja;
erding;Erding;09177;091770117117;ja;
erfurt;Erfurt;16051;160510000000;ja;
erlangen;Erlangen;09562;095620000000;ja;
eschborn;Eschborn;06436;064360003003;ja;
essen;Essen;05113;051130000000;ja;
flensburg;Flensburg;01001;010010000000;ja;
frankfurt;Frankfurt am Main;06412;064120000000;ja;
freiburg;Freiburg im Breisgau;08311;083110000000;ja;
freiburg-umland;Freiburg;08311;083110000000;nein;Seite „Freiburg & Umland“: Text über Breisach (Landkreis Breisgau-Hochschwarzwald), Zensus- und Beratungsdaten der Stadt Freiburg, welcher Kreis gemeint ist, ist offen
freising;Freising;09178;091780124124;ja;
friedrichshafen;Friedrichshafen;08435;084355002016;ja;
fuerth;Fürth;09563;095630000000;ja;
gaertringen;Gärtringen;08115;081155002015;ja;
garmisch-partenkirchen;Garmisch-Partenkirchen;09180;091800117117;ja;
gauting;Gauting;09188;091880120120;ja;
gelsenkirchen;Gelsenkirchen;05513;055130000000;ja;
gera;Gera;16052;160520000000;ja;
germering;Germering;09179;091790123123;ja;
germersheim;Germersheim;07334;073340007007;ja;
giessen;Gießen;06531;065310005005;ja;
gilching;Gilching;09188;091880121121;ja;
goeppingen;Göppingen;08117;081175005026;ja;
goettingen;Göttingen;03159;031590016016;ja;Die Stadt Göttingen gehört zum Landkreis Göttingen
greifswald;Greifswald;13075;130750039039;ja;
grevenbroich;Grevenbroich;05162;051620008008;ja;
guetersloh;Gütersloh;05754;057540008008;ja;
hagen;Hagen;05914;059140000000;ja;
halle-saale;Halle (Saale);15002;150020000000;ja;
hamburg;Hamburg;02000;020000000000;ja;
hameln;Hameln;03252;032520006006;ja;
hamm;Hamm;05915;059150000000;ja;
hanau;Hanau;06435;064350014014;nein;Hanau ist seit 1. Januar 2026 kreisfrei, die Zahlen von 2023 zeigen Hanau als Teil des Main-Kinzig-Kreises
hannover;Hannover;03241;032410001001;ja;Die Stadt Hannover gehört zur Region Hannover, Kreiswerte gibt es nur für die Region
heidelberg;Heidelberg;08221;082210000000;ja;
heilbronn;Heilbronn;08121;081210000000;ja;
heinsberg;Heinsberg;05370;053700016016;ja;
herne;Herne;05916;059160000000;ja;
hildesheim;Hildesheim;03254;032540021021;ja;
holzkirchen;Holzkirchen;09182;091820120120;ja;
ingolstadt;Ingolstadt;09161;091610000000;ja;
iserlohn;Iserlohn;05962;059620024024;ja;
jena;Jena;16053;160530000000;ja;
kaiserslautern;Kaiserslautern;07312;073120000000;ja;
karlsruhe;Karlsruhe;08212;082120000000;ja;
kassel;Kassel;06611;066110000000;ja;
kaufbeuren;Kaufbeuren;09762;097620000000;ja;
kempten;Kempten;09763;097630000000;ja;
kiel;Kiel;01002;010020000000;ja;
koblenz;Koblenz;07111;071110000000;ja;
koeln;Köln;05315;053150000000;ja;
konstanz;Konstanz;08335;083355004043;ja;Feld kreis der Seite: „Bodenseeraum“ (Landschaft), Konstanz liegt im Landkreis Konstanz
krefeld;Krefeld;05114;051140000000;ja;
landau;Landau in der Pfalz;07313;073130000000;ja;
landsberg;Landsberg am Lech;09181;091810130130;ja;
landshut;Landshut;09261;092610000000;ja;
leipzig;Leipzig;14713;147130000000;ja;
leverkusen;Leverkusen;05316;053160000000;ja;
ludwigsburg;Ludwigsburg;08118;081180048048;ja;
ludwigshafen;Ludwigshafen am Rhein;07314;073140000000;ja;
luebeck;Lübeck;01003;010030000000;ja;
luedenscheid;Lüdenscheid;05962;059620032032;ja;
luenen;Lünen;05978;059780024024;ja;
magdeburg;Magdeburg;15003;150030000000;ja;
mainz;Mainz;07315;073150000000;ja;
mannheim;Mannheim;08222;082220000000;ja;
marburg;Marburg;06534;065340014014;ja;
marl;Marl;05562;055620024024;ja;
memmingen;Memmingen;09764;097640000000;ja;
miesbach;Miesbach;09182;091820125125;ja;
minden;Minden;05770;057700024024;ja;
moenchengladbach;Mönchengladbach;05116;051160000000;ja;
moenchengladbach-rheydt;Rheydt;05116;051160000000;ja;Rheydt ist Stadtbezirk von Mönchengladbach (kreisfreie Stadt)
moers;Moers;05170;051700024024;ja;
muehldorf;Mühldorf am Inn;09183;091830128128;ja;
muelheim-ruhr;Mülheim an der Ruhr;05117;051170000000;ja;
muenchen;München;09162;091620000000;ja;
muenster;Münster;05515;055150000000;ja;
neubrandenburg;Neubrandenburg;13071;130710107107;ja;
neuburg;Neuburg an der Donau;09185;091850149149;ja;
neumarkt;Neumarkt in der Oberpfalz;09373;093730147147;ja;
neuss;Neuss;05162;051620024024;ja;
neustadt-weinstrasse;Neustadt an der Weinstraße;07316;073160000000;ja;
nuernberg;Nürnberg;09564;095640000000;ja;
nuertingen;Nürtingen;08116;081165005049;ja;
oberhausen;Oberhausen;05119;051190000000;ja;
offenbach;Offenbach am Main;06413;064130000000;ja;
offenburg;Offenburg;08317;083175010096;ja;
oldenburg;Oldenburg;03403;034030000000;ja;
osnabrueck;Osnabrück;03404;034040000000;ja;
paderborn;Paderborn;05774;057740032032;ja;
passau;Passau;09262;092620000000;ja;
pfaffenhofen;Pfaffenhofen an der Ilm;09186;091860143143;ja;
pforzheim;Pforzheim;08231;082310000000;ja;
pirmasens;Pirmasens;07317;073170000000;ja;
potsdam;Potsdam;12054;120540000000;ja;
prien;Prien am Chiemsee;09187;091870162162;ja;
ratingen;Ratingen;05158;051580028028;ja;
ravensburg;Ravensburg;08436;084365005064;ja;
recklinghausen;Recklinghausen;05562;055620032032;ja;
regensburg;Regensburg;09362;093620000000;ja;
remscheid;Remscheid;05120;051200000000;ja;
reutlingen;Reutlingen;08415;084150061061;ja;
rosenheim;Rosenheim;09163;091630000000;ja;
rostock;Rostock;13003;130030000000;ja;
ruesselsheim;Rüsselsheim am Main;06433;064330012012;ja;
saarbruecken;Saarbrücken;10041;100410100100;ja;Die Stadt Saarbrücken gehört zum Regionalverband Saarbrücken, Kreiswerte gibt es nur für den Regionalverband
salzgitter;Salzgitter;03102;031020000000;ja;
schweinfurt;Schweinfurt;09662;096620000000;ja;
schwerin;Schwerin;13004;130040000000;ja;
siegen;Siegen;05970;059700040040;ja;
sindelfingen;Sindelfingen;08115;081150045045;ja;
singen;Singen am Hohentwiel;08335;083355005075;ja;
solingen;Solingen;05122;051220000000;ja;
speyer;Speyer;07318;073180000000;ja;
starnberg;Starnberg;09188;091880139139;ja;
stralsund;Stralsund;13073;130730088088;ja;
straubing;Straubing;09263;092630000000;ja;
stuttgart;Stuttgart;08111;081110000000;ja;
traunstein;Traunstein;09189;091890155155;ja;
trier;Trier;07211;072110000000;ja;
troisdorf;Troisdorf;05382;053820068068;ja;
tuebingen;Tübingen;08416;084160041041;ja;
ulm;Ulm;08421;084210000000;ja;
unterschleissheim;Unterschleißheim;09184;091840149149;ja;
vaterstetten;Vaterstetten;09175;091750132132;ja;Vaterstetten liegt im Landkreis Ebersberg, das Feld kreis der Seite nennt den Landkreis München (Einzugsgebiet)
velbert;Velbert;05158;051580032032;ja;
viersen;Viersen;05166;051660032032;ja;
villingen-schwenningen;Villingen-Schwenningen;08326;083265004074;ja;
waiblingen;Waiblingen;08119;081190079079;ja;
waldshut-tiengen;Waldshut-Tiengen;08337;083375007126;ja;
weiden;Weiden in der Oberpfalz;09363;093630000000;ja;
weilheim;Weilheim in Oberbayern;09190;091900157157;ja;
weilheim-schongau;Schongau;09190;09190;ja;Seite über den Landkreis (Zensus auf Kreisebene)
weinheim;Weinheim;08226;082260096096;ja;
wiesbaden;Wiesbaden;06414;064140000000;ja;
wiesbaden-umland;Taunusstein;06414;064140000000;nein;Seite „Wiesbaden & Umland“: Ort Taunusstein (Rheingau-Taunus-Kreis), Zensus- und Beratungsdaten der Stadt Wiesbaden, welcher Kreis gemeint ist, ist offen
witten;Witten;05954;059540036036;ja;
wittmund;Wittmund;03462;03462;ja;alte Seitenvorlage, Seite über den Landkreis Wittmund (Zensus auf Kreisebene)
wolfratshausen;Wolfratshausen;09173;091730147147;ja;
wolfsburg;Wolfsburg;03103;031030000000;ja;
worms;Worms;07319;073190000000;ja;
wuerzburg;Würzburg;09663;096630000000;ja;
wuppertal;Wuppertal;05124;051240000000;ja;
zwickau;Zwickau;14524;145240330330;ja;
